{
  "transactions": [
    {
      "serialNumber": "8504",
      "type": "out",
      "datetime": "2025-06-22 13:40",
      "date_only": "2025-06-22",
      "amount": 1025,
      "interest": 25,
      "note": "",
      "id": 183
    },
    {
      "serialNumber": "0815",
      "type": "out",
      "datetime": "2025-06-22 13:46",
      "date_only": "2025-06-22",
      "amount": 2025,
      "interest": 25,
      "note": "",
      "id": 184
    },
    {
      "serialNumber": "9088",
      "type": "out",
      "datetime": "2025-06-22 13:46",
      "date_only": "2025-06-22",
      "amount": 1025,
      "interest": 25,
      "note": "",
      "id": 185
    },
    {
      "serialNumber": "9318",
      "type": "out",
      "datetime": "2025-06-22 13:47",
      "date_only": "2025-06-22",
      "amount": 3025,
      "interest": 25,
      "note": "",
      "id": 186
    },
    {
      "serialNumber": "3055",
      "type": "out",
      "datetime": "2025-06-22 13:47",
      "date_only": "2025-06-22",
      "amount": 2525,
      "interest": 25,
      "note": "",
      "id": 187
    }
  ]
}